email,subject,body,company,first_name,town,region,note
joan.bothma@ceracare.co.uk,Introduction — Cera Care Operations Limited,"Hello,

We're reaching out regarding your registered service.

Kind regards,
Your team",Cera Care Operations Limited,,Basildon,East,Recovered from CQC Website field (URL + email concatenated)
info@ayaicare.co.uk,Introduction — Ayai Care Limited,"Hello,

We're reaching out regarding your registered service.

Kind regards,
Your team",Ayai Care Limited,,Worcester Park,London,Recovered from CQC Website field (URL + email concatenated)
