email,company,website_domain,source_url
childrenstrust.tctplacements@nhs.net,The Children's Trust,thechildrenstrust.org.uk,https://thechildrenstrust.org.uk/
dsl@thechildrenstrust.org.uk,The Children's Trust,thechildrenstrust.org.uk,https://thechildrenstrust.org.uk/
enquiries@thechildrenstrust.org.uk,The Children's Trust,thechildrenstrust.org.uk,https://thechildrenstrust.org.uk/
placements@thechildrenstrust.org.uk,The Children's Trust,thechildrenstrust.org.uk,https://thechildrenstrust.org.uk/
pressoffice@thechildrenstrust.org.uk,The Children's Trust,thechildrenstrust.org.uk,https://thechildrenstrust.org.uk/
recruitment@thechildrenstrust.org.uk,The Children's Trust,thechildrenstrust.org.uk,https://thechildrenstrust.org.uk/
taddies@thechildrenstrust.org.uk,The Children's Trust,thechildrenstrust.org.uk,https://thechildrenstrust.org.uk/
wychwood.reception@nhs.net,Wychwood Surgery,wychwoodsurgery.co.uk,https://wychwoodsurgery.co.uk/
governors@slam.nhs.uk,South London and Maudsley NHS Foundation Trust,slam.nhs.uk,https://slam.nhs.uk/
pals@slam.nhs.uk,South London and Maudsley NHS Foundation Trust,slam.nhs.uk,https://slam.nhs.uk/
nicky@westclifflodge.co.uk,Westcliff Lodge Limited,westclifflodge.co.uk,https://westclifflodge.co.uk/
complaints.penninecare@nhs.net,Northern Care Alliance NHS Foundation Trust,northerncarealliance.nhs.uk,https://northerncarealliance.nhs.uk/
complaints@gmmh.nhs.uk,Northern Care Alliance NHS Foundation Trust,northerncarealliance.nhs.uk,https://northerncarealliance.nhs.uk/
healthrecords.access@nca.nhs.uk,Northern Care Alliance NHS Foundation Trust,northerncarealliance.nhs.uk,https://northerncarealliance.nhs.uk/
library@nca.nhs.uk,Northern Care Alliance NHS Foundation Trust,northerncarealliance.nhs.uk,https://northerncarealliance.nhs.uk/
library@pat.nhs.uk,Northern Care Alliance NHS Foundation Trust,northerncarealliance.nhs.uk,https://northerncarealliance.nhs.uk/
library@srft.nhs.uk,Northern Care Alliance NHS Foundation Trust,northerncarealliance.nhs.uk,https://northerncarealliance.nhs.uk/
nhsgm.patientservices@nhs.net,Northern Care Alliance NHS Foundation Trust,northerncarealliance.nhs.uk,https://northerncarealliance.nhs.uk/
office.complaints@nca.nhs.uk,Northern Care Alliance NHS Foundation Trust,northerncarealliance.nhs.uk,https://northerncarealliance.nhs.uk/
pals.penninecare@nhs.net,Northern Care Alliance NHS Foundation Trust,northerncarealliance.nhs.uk,https://northerncarealliance.nhs.uk/
pals@gmmh.nhs.uk,Northern Care Alliance NHS Foundation Trust,northerncarealliance.nhs.uk,https://northerncarealliance.nhs.uk/
referrals@cloverleaf-advocacy.co.uk,Northern Care Alliance NHS Foundation Trust,northerncarealliance.nhs.uk,https://northerncarealliance.nhs.uk/
sar@nca.nhs.uk,Northern Care Alliance NHS Foundation Trust,northerncarealliance.nhs.uk,https://northerncarealliance.nhs.uk/
service.interpretation@nca.nhs.uk,Northern Care Alliance NHS Foundation Trust,northerncarealliance.nhs.uk,https://northerncarealliance.nhs.uk/
comms@everyturn.org,Everyturn,mentalhealthconcern.org,http://mentalhealthconcern.org/
enquiries@everyturn.org,Everyturn,mentalhealthconcern.org,http://mentalhealthconcern.org/
recruitment@everyturn.org,Everyturn,mentalhealthconcern.org,http://mentalhealthconcern.org/
enquiries@teasdalehealth.com,Teasdale Healthcare Ltd,teasdalehealth.com,https://www.teasdalehealth.com/
hello@teasdalehealth.com,Teasdale Healthcare Ltd,teasdalehealth.com,https://www.teasdalehealth.com/
user@domain.com,Teasdale Healthcare Ltd,teasdalehealth.com,https://www.teasdalehealth.com/
berkshire.dentalclinic@nhs.net,Dr Kripa Sharmilla Radia,bdc-centre.co.uk,https://bdc-centre.co.uk/
reading@sylviancare.co.uk,Cristina's Care Ltd,sylviancare.co.uk,https://sylviancare.co.uk/
press.office@careuk.com,Care UK Community Partnerships Ltd,careuk.com,https://careuk.com/
info@pilgrimsfriend.org.uk,Pilgrims' Friend Society,pilgrimsfriend.org.uk,https://pilgrimsfriend.org.uk/
logo_pfs-square@4x.png,Pilgrims' Friend Society,pilgrimsfriend.org.uk,https://pilgrimsfriend.org.uk/
logo_pfs@2x.png,Pilgrims' Friend Society,pilgrimsfriend.org.uk,https://pilgrimsfriend.org.uk/
enquiries@minstercaregroup.co.uk,Croftwood Care UK Limited,minstercaregroup.co.uk,https://minstercaregroup.co.uk/
john.smith@hello.com,Croftwood Care UK Limited,minstercaregroup.co.uk,https://minstercaregroup.co.uk/
recruitment@amicura.co.uk,Croftwood Care UK Limited,minstercaregroup.co.uk,https://minstercaregroup.co.uk/
recruitment@minstercaregroup.co.uk,Croftwood Care UK Limited,minstercaregroup.co.uk,https://minstercaregroup.co.uk/
bluebellmanor@lifestyle-care.co.uk,Lifestyle Care (North East) Opco Limited,lifestyle-care.co.uk,https://lifestyle-care.co.uk/
blythgatemanor@lifestyle-care.co.uk,Lifestyle Care (North East) Opco Limited,lifestyle-care.co.uk,https://lifestyle-care.co.uk/
eastsidegardens@lifestyle-care.co.uk,Lifestyle Care (North East) Opco Limited,lifestyle-care.co.uk,https://lifestyle-care.co.uk/
info@westhillcarehome.com,West Hill Care Home LTD,westhillcarehome.com,https://westhillcarehome.com/
care-home-catering-awards-2024-finalists@2x-320x274.jpg,Hagley Care Limited,cinnamoncc.com,https://cinnamoncc.com/
care-home-catering-awards-2024-finalists@2x.jpg,Hagley Care Limited,cinnamoncc.com,https://cinnamoncc.com/
cc-awards-2025-winners@2x-960x935.png,Hagley Care Limited,cinnamoncc.com,https://cinnamoncc.com/
cc-contact-bg@2x-1920x1080.jpg,Hagley Care Limited,cinnamoncc.com,https://cinnamoncc.com/
cc-contact-bg@2x-960x540.jpg,Hagley Care Limited,cinnamoncc.com,https://cinnamoncc.com/
cc-header-home-01@2x-1920x1079.jpg,Hagley Care Limited,cinnamoncc.com,https://cinnamoncc.com/
cc-header-home-01@2x-960x540.jpg,Hagley Care Limited,cinnamoncc.com,https://cinnamoncc.com/
cc-video-holding-image-01@2x.jpg,Hagley Care Limited,cinnamoncc.com,https://cinnamoncc.com/
cinnamon_emerson_park_img_5870@2x-scaled.jpg,Hagley Care Limited,cinnamoncc.com,https://cinnamoncc.com/
cinnamon_emerson_park_img_5870@2x-scaled.jpg.webp,Hagley Care Limited,cinnamoncc.com,https://cinnamoncc.com/
eastcote-park-luxury-retirement-apartments-01@2x.jpg,Hagley Care Limited,cinnamoncc.com,https://cinnamoncc.com/
eastcote-park-luxury-retirement-apartments-01@2x.jpg.webp,Hagley Care Limited,cinnamoncc.com,https://cinnamoncc.com/
eden-ext-02@2x.jpg,Hagley Care Limited,cinnamoncc.com,https://cinnamoncc.com/
eden-ext-02@2x.jpg.webp,Hagley Care Limited,cinnamoncc.com,https://cinnamoncc.com/
napa-awards-2024@2x-302x320.png,Hagley Care Limited,cinnamoncc.com,https://cinnamoncc.com/
napa-awards-2024@2x.png,Hagley Care Limited,cinnamoncc.com,https://cinnamoncc.com/
info.navigo@nhs.net,NAViGO Health and Social Care CIC,navigocare.co.uk,https://navigocare.co.uk/
acorn_2024@2x-59x75.png,Acorn Recovery Projects,acornrecovery.org.uk,https://acornrecovery.org.uk/
acorn_2024@2x.png,Acorn Recovery Projects,acornrecovery.org.uk,https://acornrecovery.org.uk/
contact@acornrecovery.org.uk,Acorn Recovery Projects,acornrecovery.org.uk,https://acornrecovery.org.uk/
contact@calico.org.uk,Acorn Recovery Projects,acornrecovery.org.uk,https://acornrecovery.org.uk/
info@fastmedica.co.uk,Fast Medica Ltd,fastmedica.co.uk,https://fastmedica.co.uk/
lisa@limahomecare.com,Lima Homecare Limited,limahomecare.com,https://limahomecare.com/
emmafield2025@outlook.com,HomesCare Ltd,homescare.co.uk,https://homescare.co.uk/
procurement@kingsleyhealthcare.co.uk,Hestia Healthcare Properties Limited,kingsleyhealthcare.co.uk,https://kingsleyhealthcare.co.uk/
enquiries@surecare.co.uk,The Colne Valley Care Company Limited,surecare.co.uk,https://surecare.co.uk/
home@2x.png,The Colne Valley Care Company Limited,surecare.co.uk,https://surecare.co.uk/
surecare@2x.png,The Colne Valley Care Company Limited,surecare.co.uk,https://surecare.co.uk/
u003eenquiries@surecare.co.uk,The Colne Valley Care Company Limited,surecare.co.uk,https://surecare.co.uk/
director@corrahhealthcareservices.com,Serene Healthcare Services Ltd,sereneservices.co.uk,https://sereneservices.co.uk/
info@sereneservices.co.uk,Serene Healthcare Services Ltd,sereneservices.co.uk,https://sereneservices.co.uk/
info@efficiencyhealthandhomecareservice.co.uk,Efficiency Health and Home Care Services Limited,efficiencyhealthandhomecareservice.co.uk,https://efficiencyhealthandhomecareservice.co.uk/
info@oldhamorthodontics.co.uk,Northwest Orthodontists Limited,oldhamorthodontics.co.uk,https://oldhamorthodontics.co.uk/
blue@2x.png,Help At Home (Egerton Lodge) Limited,helpathome.co.uk,https://helpathome.co.uk/
centralrecruitment@candchealthcare.co.uk,Help At Home (Egerton Lodge) Limited,helpathome.co.uk,https://helpathome.co.uk/
enquiries@candchealthcare.co.uk,Help At Home (Egerton Lodge) Limited,helpathome.co.uk,https://helpathome.co.uk/
hr1@candchealthcare.co.uk,Help At Home (Egerton Lodge) Limited,helpathome.co.uk,https://helpathome.co.uk/
media@candchealthcare.co.uk,Help At Home (Egerton Lodge) Limited,helpathome.co.uk,https://helpathome.co.uk/
red@2x.png,Help At Home (Egerton Lodge) Limited,helpathome.co.uk,https://helpathome.co.uk/
genpra-credit-logo@2x.png,Drs Sells and Dr Kyaw,lyngford.co.uk,https://lyngford.co.uk/
comms@avenuesgroup.org.uk,Avenues South,avenuesgroup.org.uk,https://avenuesgroup.org.uk/
complaints@avenuesgroup.org.uk,Avenues South,avenuesgroup.org.uk,https://avenuesgroup.org.uk/
dataprotectionofficer@avenuesgroup.org.uk,Avenues South,avenuesgroup.org.uk,https://avenuesgroup.org.uk/
feedback@avenuesgroup.org.uk,Avenues South,avenuesgroup.org.uk,https://avenuesgroup.org.uk/
info@avenuesgroup.org.uk,Avenues South,avenuesgroup.org.uk,https://avenuesgroup.org.uk/
onboarding@avenuesgroup.org.uk,Avenues South,avenuesgroup.org.uk,https://avenuesgroup.org.uk/
recruitment@avenuesgroup.org.uk,Avenues South,avenuesgroup.org.uk,https://avenuesgroup.org.uk/
referrals@avenuesgroup.org.uk,Avenues South,avenuesgroup.org.uk,https://avenuesgroup.org.uk/
communications@priorygroup.com,Parkcare Homes (No.2) Limited,prioryadultcare.co.uk,https://prioryadultcare.co.uk/
info@priorygroup.com,Parkcare Homes (No.2) Limited,prioryadultcare.co.uk,https://prioryadultcare.co.uk/
info@oakcottagecare.co.uk,Oak Cottage Care Limited,oakcottagecare.co.uk,https://oakcottagecare.co.uk/
%info@goodoakshomecare.co.uk,A & T Healthcare Agency Limited,goodoakshomecare.co.uk,https://www.goodoakshomecare.co.uk/
20info@goodoakshomecare.co.uk,A & T Healthcare Agency Limited,goodoakshomecare.co.uk,https://www.goodoakshomecare.co.uk/
aylesbury@goodoakshomecare.co.uk,A & T Healthcare Agency Limited,goodoakshomecare.co.uk,https://www.goodoakshomecare.co.uk/
barnet@goodoakshomecare.co.uk,A & T Healthcare Agency Limited,goodoakshomecare.co.uk,https://www.goodoakshomecare.co.uk/
bedford@goodoakshomecare.co.uk,A & T Healthcare Agency Limited,goodoakshomecare.co.uk,https://www.goodoakshomecare.co.uk/
dorchester@goodoakshomecare.co.uk,A & T Healthcare Agency Limited,goodoakshomecare.co.uk,https://www.goodoakshomecare.co.uk/
eastdorset@goodoakshomecare.co.uk,A & T Healthcare Agency Limited,goodoakshomecare.co.uk,https://www.goodoakshomecare.co.uk/
eastherts@goodoakshomecare.co.uk,A & T Healthcare Agency Limited,goodoakshomecare.co.uk,https://www.goodoakshomecare.co.uk/
elmbridge@goodoakshomecare.co.uk,A & T Healthcare Agency Limited,goodoakshomecare.co.uk,https://www.goodoakshomecare.co.uk/
enquiries@goodoakshomecare.co.uk,A & T Healthcare Agency Limited,goodoakshomecare.co.uk,https://www.goodoakshomecare.co.uk/
epsom@goodoakshomecare.co.uk,A & T Healthcare Agency Limited,goodoakshomecare.co.uk,https://www.goodoakshomecare.co.uk/
farehamgosport@goodoakshomecare.co.uk,A & T Healthcare Agency Limited,goodoakshomecare.co.uk,https://www.goodoakshomecare.co.uk/
farnham@goodoakshomecare.co.uk,A & T Healthcare Agency Limited,goodoakshomecare.co.uk,https://www.goodoakshomecare.co.uk/
finchley@goodoakshomecare.co.uk,A & T Healthcare Agency Limited,goodoakshomecare.co.uk,https://www.goodoakshomecare.co.uk/
glasgowsouth@goodoakshomecare.co.uk,A & T Healthcare Agency Limited,goodoakshomecare.co.uk,https://www.goodoakshomecare.co.uk/
horsham-crawley@goodoakshomecare.co.uk,A & T Healthcare Agency Limited,goodoakshomecare.co.uk,https://www.goodoakshomecare.co.uk/
info@goodoakshomecare.co.uk,A & T Healthcare Agency Limited,goodoakshomecare.co.uk,https://www.goodoakshomecare.co.uk/
iow@goodoakshomecare.co.uk,A & T Healthcare Agency Limited,goodoakshomecare.co.uk,https://www.goodoakshomecare.co.uk/
leicestershiresouth@goodoakshomecare.co.uk,A & T Healthcare Agency Limited,goodoakshomecare.co.uk,https://www.goodoakshomecare.co.uk/
lutondunstable@goodoakshomecare.co.uk,A & T Healthcare Agency Limited,goodoakshomecare.co.uk,https://www.goodoakshomecare.co.uk/
maidenhead@goodoakshomecare.co.uk,A & T Healthcare Agency Limited,goodoakshomecare.co.uk,https://www.goodoakshomecare.co.uk/
midcheshire@goodoakshomecare.co.uk,A & T Healthcare Agency Limited,goodoakshomecare.co.uk,https://www.goodoakshomecare.co.uk/
midsussex@goodoakshomecare.co.uk,A & T Healthcare Agency Limited,goodoakshomecare.co.uk,https://www.goodoakshomecare.co.uk/
miltonkeynes@goodoakshomecare.co.uk,A & T Healthcare Agency Limited,goodoakshomecare.co.uk,https://www.goodoakshomecare.co.uk/
newforest@goodoakshomecare.co.uk,A & T Healthcare Agency Limited,goodoakshomecare.co.uk,https://www.goodoakshomecare.co.uk/
northwood@goodoakshomecare.co.uk,A & T Healthcare Agency Limited,goodoakshomecare.co.uk,https://www.goodoakshomecare.co.uk/
oxford@goodoakshomecare.co.uk,A & T Healthcare Agency Limited,goodoakshomecare.co.uk,https://www.goodoakshomecare.co.uk/
salisbury@goodoakshomecare.co.uk,A & T Healthcare Agency Limited,goodoakshomecare.co.uk,https://www.goodoakshomecare.co.uk/
southampton@goodoakshomecare.co.uk,A & T Healthcare Agency Limited,goodoakshomecare.co.uk,https://www.goodoakshomecare.co.uk/
southkent@goodoakshomecare.co.uk,A & T Healthcare Agency Limited,goodoakshomecare.co.uk,https://www.goodoakshomecare.co.uk/
southoxfordshire@goodoakshomecare.co.uk,A & T Healthcare Agency Limited,goodoakshomecare.co.uk,https://www.goodoakshomecare.co.uk/
southwarwickshire@goodoakshomecare.co.uk,A & T Healthcare Agency Limited,goodoakshomecare.co.uk,https://www.goodoakshomecare.co.uk/
stalbans@goodoakshomecare.co.uk,A & T Healthcare Agency Limited,goodoakshomecare.co.uk,https://www.goodoakshomecare.co.uk/
sussexsouth@goodoakshomecare.co.uk,A & T Healthcare Agency Limited,goodoakshomecare.co.uk,https://www.goodoakshomecare.co.uk/
watford@goodoakshomecare.co.uk,A & T Healthcare Agency Limited,goodoakshomecare.co.uk,https://www.goodoakshomecare.co.uk/
wk@goodoakshomecare.co.uk,A & T Healthcare Agency Limited,goodoakshomecare.co.uk,https://www.goodoakshomecare.co.uk/
wokingham@goodoakshomecare.co.uk,A & T Healthcare Agency Limited,goodoakshomecare.co.uk,https://www.goodoakshomecare.co.uk/
woodford@goodoakshomecare.co.uk,A & T Healthcare Agency Limited,goodoakshomecare.co.uk,https://www.goodoakshomecare.co.uk/
info@grangewoodlodge.co.uk,Mrs Amelia Rose Newstead,grangewoodlodge.co.uk,https://grangewoodlodge.co.uk/
info@compassionatecare4u.co.uk,Compassionate Care for You Ltd,compassionatecare4u.co.uk,https://compassionatecare4u.co.uk/
admin@whitepearlcare.co.uk,White Pearl Care Ltd,whitepearlcare.co.uk,https://whitepearlcare.co.uk/
approved@approvedcareandsupport.co.uk,Approved Care and Support Limited,approvedcareandsupport.co.uk,https://approvedcareandsupport.co.uk/
impallari@gmail.com,Approved Care and Support Limited,approvedcareandsupport.co.uk,https://approvedcareandsupport.co.uk/
reception@bramptondentalpractice.co.uk,Brampton Practice Limited,bramptondentalpractice.co.uk,https://bramptondentalpractice.co.uk/
info@orchardcarehomes.com,Indigo Care Services Limited,orchardcarehomes.com,https://orchardcarehomes.com/
mediaenquiries@orchardcarehomes.com,Indigo Care Services Limited,orchardcarehomes.com,https://orchardcarehomes.com/
recruitment@orchardcarehomes.com,Indigo Care Services Limited,orchardcarehomes.com,https://orchardcarehomes.com/
info@comfortinghealthcare.co.uk,Comforting Healthcare Ltd,comfortinghealthcare.co.uk,https://comfortinghealthcare.co.uk/
arti.scott1@nhs.net,Northamptonshire Healthcare NHS Foundation Trust,nhft.nhs.uk,https://nhft.nhs.uk/
commsteam@nhft.nhs.uk,Northamptonshire Healthcare NHS Foundation Trust,nhft.nhs.uk,https://nhft.nhs.uk/
image-menu-icon@2.png,Northamptonshire Healthcare NHS Foundation Trust,nhft.nhs.uk,https://nhft.nhs.uk/
pals@nhft.nhs.uk,Northamptonshire Healthcare NHS Foundation Trust,nhft.nhs.uk,https://nhft.nhs.uk/
info@croydoncosmeticclinic.com,AR & NAM Medical Ltd,croydoncosmeticclinic.com,https://croydoncosmeticclinic.com/
info@mountcarmel.org.uk,Mount Carmel Hostel for Recovering Alcoholics Limited,mountcarmel.org.uk,https://www.mountcarmel.org.uk/
admin@wokehealthcare.com,Woke Healthcare Ltd,wokehealthcare.com,https://wokehealthcare.com/
office@wokehealthcare.com,Woke Healthcare Ltd,wokehealthcare.com,https://wokehealthcare.com/
belmar@sagecare.co.uk,Millreed Lodge Care Limited,sagecare.co.uk,https://sagecare.co.uk/
hazeldene@sagecare.co.uk,Millreed Lodge Care Limited,sagecare.co.uk,https://sagecare.co.uk/
hollands@sagecare.co.uk,Millreed Lodge Care Limited,sagecare.co.uk,https://sagecare.co.uk/
jansondean@sagecare.co.uk,Millreed Lodge Care Limited,sagecare.co.uk,https://sagecare.co.uk/
millreedlodge@sagecare.co.uk,Millreed Lodge Care Limited,sagecare.co.uk,https://sagecare.co.uk/
willowbank@sagecare.co.uk,Millreed Lodge Care Limited,sagecare.co.uk,https://sagecare.co.uk/
nencicb-ng.bettsavenue@nhs.net,Betts Avenue Medical Group,bettsavenue.nhs.uk,https://www.bettsavenue.nhs.uk/
ng.bettsavenue@nhs.net,Betts Avenue Medical Group,bettsavenue.nhs.uk,https://www.bettsavenue.nhs.uk/
paphe@ncl.ac.uk,Betts Avenue Medical Group,bettsavenue.nhs.uk,https://www.bettsavenue.nhs.uk/
mailto:patient@stationhousedentalpractice.co.uk,Station House Dental Practice (Telford) Ltd,stationhousedentalpractice.co.uk,https://stationhousedentalpractice.co.uk/
patient@stationhousedentalpractice.co.uk,Station House Dental Practice (Telford) Ltd,stationhousedentalpractice.co.uk,https://stationhousedentalpractice.co.uk/
info@medsolve.co.uk,Medsolve (UK) Limited,medsolve.co.uk,https://medsolve.co.uk/
northwest@medsolve.co.uk,Medsolve (UK) Limited,medsolve.co.uk,https://medsolve.co.uk/
enquiries@stoneacrelodge.com,Seth Homes Limited,stoneacrelodge.com,https://stoneacrelodge.com/
20referrals@activecaregroup.co.uk,Independence Homes Limited,activecaregroup.co.uk,https://activecaregroup.co.uk/
careers@activecaregroup.co.uk,Independence Homes Limited,activecaregroup.co.uk,https://activecaregroup.co.uk/
dpo@activecaregroup.co.uk,Independence Homes Limited,activecaregroup.co.uk,https://activecaregroup.co.uk/
feedback@activecaregroup.co.uk,Independence Homes Limited,activecaregroup.co.uk,https://activecaregroup.co.uk/
media@activecaregroup.co.uk,Independence Homes Limited,activecaregroup.co.uk,https://activecaregroup.co.uk/
references@activecaregroup.co.uk,Independence Homes Limited,activecaregroup.co.uk,https://activecaregroup.co.uk/
referrals@activecaregroup.co.uk,Independence Homes Limited,activecaregroup.co.uk,https://activecaregroup.co.uk/
manager@symondshouse.co.uk,Raveedha Care Limited,symondshouse.com,https://symondshouse.com/
hiowh.carerinvolvement@nhs.net,Hampshire and Isle of Wight Healthcare NHS Foundation Trust,southernhealth.nhs.uk,https://southernhealth.nhs.uk/
hiowh.communications@nhs.net,Hampshire and Isle of Wight Healthcare NHS Foundation Trust,southernhealth.nhs.uk,https://southernhealth.nhs.uk/
hiowh.concernsandcomplaints@nhs.net,Hampshire and Isle of Wight Healthcare NHS Foundation Trust,southernhealth.nhs.uk,https://southernhealth.nhs.uk/
hiowh.experienceandengagment@nhs.net,Hampshire and Isle of Wight Healthcare NHS Foundation Trust,southernhealth.nhs.uk,https://southernhealth.nhs.uk/
hiowh.feedback@nhs.net,Hampshire and Isle of Wight Healthcare NHS Foundation Trust,southernhealth.nhs.uk,https://southernhealth.nhs.uk/
hiowh.palssupporthub@nhs.net,Hampshire and Isle of Wight Healthcare NHS Foundation Trust,southernhealth.nhs.uk,https://southernhealth.nhs.uk/
hiowh.peopleparticipation@nhs.net,Hampshire and Isle of Wight Healthcare NHS Foundation Trust,southernhealth.nhs.uk,https://southernhealth.nhs.uk/
hiowh.recruitment@nhs.net,Hampshire and Isle of Wight Healthcare NHS Foundation Trust,southernhealth.nhs.uk,https://southernhealth.nhs.uk/
hiowh.southamptonpainteam@nhs.net,Hampshire and Isle of Wight Healthcare NHS Foundation Trust,southernhealth.nhs.uk,https://southernhealth.nhs.uk/
hiowicb-hsi.mywillowexperience@nhs.net,Hampshire and Isle of Wight Healthcare NHS Foundation Trust,southernhealth.nhs.uk,https://southernhealth.nhs.uk/
hiowicb-hsi.srmp@nhs.net,Hampshire and Isle of Wight Healthcare NHS Foundation Trust,southernhealth.nhs.uk,https://southernhealth.nhs.uk/
enquiries@cathenacare.com,Mr Ajvinder Sandhu and Mrs Rajwinder Sandhu,quenbyresthome.com,https://quenbyresthome.com/
info@quenbyresthome.com,Mr Ajvinder Sandhu and Mrs Rajwinder Sandhu,quenbyresthome.com,https://quenbyresthome.com/
bowood@adeptcarehomes.co.uk,Chetwynd House Care Home Limited,adeptcarehomes.co.uk,https://adeptcarehomes.co.uk/
chetwynd@adeptcarehomes.co.uk,Chetwynd House Care Home Limited,adeptcarehomes.co.uk,https://adeptcarehomes.co.uk/
douglascourt@adeptcarehomes.co.uk,Chetwynd House Care Home Limited,adeptcarehomes.co.uk,https://adeptcarehomes.co.uk/
harrierhouse@adeptcarehomes.co.uk,Chetwynd House Care Home Limited,adeptcarehomes.co.uk,https://adeptcarehomes.co.uk/
info@adeptcarehomes.co.uk,Chetwynd House Care Home Limited,adeptcarehomes.co.uk,https://adeptcarehomes.co.uk/
kiwi@adeptcarehomes.co.uk,Chetwynd House Care Home Limited,adeptcarehomes.co.uk,https://adeptcarehomes.co.uk/
moathouse@adeptcarehomes.co.uk,Chetwynd House Care Home Limited,adeptcarehomes.co.uk,https://adeptcarehomes.co.uk/
oldvicarage@adeptcarehomes.co.uk,Chetwynd House Care Home Limited,adeptcarehomes.co.uk,https://adeptcarehomes.co.uk/
askaboutresearch@gmmh.nhs.uk,Greater Manchester Mental Health NHS Foundation Trust,gmmh.nhs.uk,https://gmmh.nhs.uk/
communications@gmmh.nhs.uk,Greater Manchester Mental Health NHS Foundation Trust,gmmh.nhs.uk,https://gmmh.nhs.uk/
foi@gmmh.nhs.uk,Greater Manchester Mental Health NHS Foundation Trust,gmmh.nhs.uk,https://gmmh.nhs.uk/
hello@oxondentalcare.com,Mrs Anusha Mandadi,oxondentalcare.co.uk,https://oxondentalcare.co.uk/
customerservice@smiledentalcare.co.uk,Smile Care Salford Ltd,smile-dentalcare.co.uk,https://smile-dentalcare.co.uk/
admin@rainbowcareagency.co.uk,Rainbow Health & Care Ltd,rainbowcareagency.com,http://rainbowcareagency.com/
info@rainbowcareagency.co.uk,Rainbow Health & Care Ltd,rainbowcareagency.com,http://rainbowcareagency.com/
20info@meath.org.uk,The Meath Trustee Company Limited,meath.org.uk,https://meath.org.uk/
carole.brockwell@meath.org.uk,The Meath Trustee Company Limited,meath.org.uk,https://meath.org.uk/
finance@meath.org.uk,The Meath Trustee Company Limited,meath.org.uk,https://meath.org.uk/
fundraising@meath.org.uk,The Meath Trustee Company Limited,meath.org.uk,https://meath.org.uk/
hr@meath.org.uk,The Meath Trustee Company Limited,meath.org.uk,https://meath.org.uk/
info@meath.org.uk,The Meath Trustee Company Limited,meath.org.uk,https://meath.org.uk/
marketing@meath.org.uk,The Meath Trustee Company Limited,meath.org.uk,https://meath.org.uk/
tania.evans@meath.org.uk,The Meath Trustee Company Limited,meath.org.uk,https://meath.org.uk/
complaints@greatfulcare.co.uk,Greatful Care Ltd,greatfulcare.co.uk,https://greatfulcare.co.uk/
info@greatfulcare.co.uk,Greatful Care Ltd,greatfulcare.co.uk,https://greatfulcare.co.uk/
info@bpas.org,British Pregnancy Advisory Service,bpas.org,https://bpas.org/
marketing@bpas.org,British Pregnancy Advisory Service,bpas.org,https://bpas.org/
hpft.comms@nhs.net,Hertfordshire Partnership University NHS Foundation Trust,hpft.nhs.uk,https://hpft.nhs.uk/
hpft.pals@nhs.net,Hertfordshire Partnership University NHS Foundation Trust,hpft.nhs.uk,https://hpft.nhs.uk/
phso.enquiries@ombudsman.org.uk,Hertfordshire Partnership University NHS Foundation Trust,hpft.nhs.uk,https://hpft.nhs.uk/
info@queensgatedental.co,Dentasmile Limited,queensgatedental.co.uk,https://queensgatedental.co.uk/
info@queensgatedental.co.uk,Dentasmile Limited,queensgatedental.co.uk,https://queensgatedental.co.uk/
info@ecarec.co.uk,Essex Care Consortium Limited,e-care-c.co.uk,https://e-care-c.co.uk/
jeri-anne@ecarec.co.uk,Essex Care Consortium Limited,e-care-c.co.uk,https://e-care-c.co.uk/
jonicholls@ecarec.co.uk,Essex Care Consortium Limited,e-care-c.co.uk,https://e-care-c.co.uk/
lucycarley@ecarec.co.uk,Essex Care Consortium Limited,e-care-c.co.uk,https://e-care-c.co.uk/
natalieschofield@ecarec.co.uk,Essex Care Consortium Limited,e-care-c.co.uk,https://e-care-c.co.uk/
suerees@ecarec.co.uk,Essex Care Consortium Limited,e-care-c.co.uk,https://e-care-c.co.uk/
communications@certitude.london,Support for Living Limited,certitude.org.uk,https://certitude.org.uk/
matt@honcho.agency,Support for Living Limited,certitude.org.uk,https://certitude.org.uk/
provide.ccc@nhs.net,Provide Community Interest Company,provide.org.uk,https://provide.org.uk/
provide.customerservices@nhs.net,Provide Community Interest Company,provide.org.uk,https://provide.org.uk/
provide.enquiries@nhs.net,Provide Community Interest Company,provide.org.uk,https://provide.org.uk/
provide.marketing@nhs.net,Provide Community Interest Company,provide.org.uk,https://provide.org.uk/
admin@amaracare.co.uk,Amara Care Limited,amaracare.co.uk,https://amaracare.co.uk/
info@mydentist4u.com,My Dental Surgery,mydentist4u.com,https://mydentist4u.com/
customerservices@ambiencehealthcare.co.uk,AmBience Healthcare Ltd,ambiencehealthcare.co.uk,https://ambiencehealthcare.co.uk/
holly.nook@ambiencehealthcare.co.uk,AmBience Healthcare Ltd,ambiencehealthcare.co.uk,https://ambiencehealthcare.co.uk/
stonecroft@ambiencehealthcare.co.uk,AmBience Healthcare Ltd,ambiencehealthcare.co.uk,https://ambiencehealthcare.co.uk/
sycamore.house@ambiencehealthcare.co.uk,AmBience Healthcare Ltd,ambiencehealthcare.co.uk,https://ambiencehealthcare.co.uk/
flags@2x.png,Blue Skies Addiction Centre Ltd,primroselodge.com,https://primroselodge.com/
help@primroselodge.com,Blue Skies Addiction Centre Ltd,primroselodge.com,https://primroselodge.com/
media@ukat.co.uk,Blue Skies Addiction Centre Ltd,primroselodge.com,https://primroselodge.com/
office@newmarket-house.co.uk,Newmarket House Healthcare Limited,newmarket-house.co.uk,https://newmarket-house.co.uk/
info@runwoodhomes.co.uk,Runwood Homes Limited,runwoodhomes.co.uk,https://runwoodhomes.co.uk/
info@icsl.org.uk,Independant Community Support Limited,icsl.org.uk,https://icsl.org.uk/
baking-in-the-kitchen_2_31888-e1772108448603-1028x862-crop-50-50@2x.jpg,Voyage 1 Limited,voyagecare.com,https://voyagecare.com/
beeresourceful_3775_-scaled-546x458-crop-50-50@2x.jpg,Voyage 1 Limited,voyagecare.com,https://voyagecare.com/
beeresourceful_3775_-scaled-738x619-crop-50-50@2x.jpg,Voyage 1 Limited,voyagecare.com,https://voyagecare.com/
beeresourceful_4700_-1-scaled-2-546x458-crop-50-50@2x.jpg,Voyage 1 Limited,voyagecare.com,https://voyagecare.com/
beeresourceful_4700_-1-scaled-2-738x619-crop-50-50@2x.jpg,Voyage 1 Limited,voyagecare.com,https://voyagecare.com/
chris-website-formatted-image-499x672@2x.png,Voyage 1 Limited,voyagecare.com,https://voyagecare.com/
chris-website-formatted-image-546x505@2x.png,Voyage 1 Limited,voyagecare.com,https://voyagecare.com/
chris-website-formatted-image-623x840@2x.png,Voyage 1 Limited,voyagecare.com,https://voyagecare.com/
chris-website-formatted-image-738x995@2x.png,Voyage 1 Limited,voyagecare.com,https://voyagecare.com/
chris-website-formatted-image-747x1007@2x.png,Voyage 1 Limited,voyagecare.com,https://voyagecare.com/
complaints@voyagecare.com,Voyage 1 Limited,voyagecare.com,https://voyagecare.com/
compliments@voyagecare.com,Voyage 1 Limited,voyagecare.com,https://voyagecare.com/
formatted-image-2-499x672@2x.png,Voyage 1 Limited,voyagecare.com,https://voyagecare.com/
formatted-image-2-546x505@2x.png,Voyage 1 Limited,voyagecare.com,https://voyagecare.com/
formatted-image-499x672@2x.png,Voyage 1 Limited,voyagecare.com,https://voyagecare.com/
formatted-image-546x505@2x.png,Voyage 1 Limited,voyagecare.com,https://voyagecare.com/
hroperations@voyagecare.com,Voyage 1 Limited,voyagecare.com,https://voyagecare.com/
laingbuisson-546x458-crop-50-50@2x.jpg,Voyage 1 Limited,voyagecare.com,https://voyagecare.com/
press@voyagecare.com,Voyage 1 Limited,voyagecare.com,https://voyagecare.com/
referrals@voyagecare.com,Voyage 1 Limited,voyagecare.com,https://voyagecare.com/
rosie-image-1-499x672@2x.png,Voyage 1 Limited,voyagecare.com,https://voyagecare.com/
rosie-image-1-546x505@2x.png,Voyage 1 Limited,voyagecare.com,https://voyagecare.com/
rosie-image-1-623x840@2x.png,Voyage 1 Limited,voyagecare.com,https://voyagecare.com/
rosie-image-1-738x995@2x.png,Voyage 1 Limited,voyagecare.com,https://voyagecare.com/
rosie-image-1-747x1007@2x.png,Voyage 1 Limited,voyagecare.com,https://voyagecare.com/
ruby-photos-for-case-study_45345-1-499x672@2x.jpg,Voyage 1 Limited,voyagecare.com,https://voyagecare.com/
ruby-photos-for-case-study_45345-1-546x505@2x.jpg,Voyage 1 Limited,voyagecare.com,https://voyagecare.com/
ruby-photos-for-case-study_45345-1-623x840@2x.jpg,Voyage 1 Limited,voyagecare.com,https://voyagecare.com/
ruby-photos-for-case-study_45345-1-738x995@2x.jpg,Voyage 1 Limited,voyagecare.com,https://voyagecare.com/
ruby-photos-for-case-study_45345-1-747x1007@2x.jpg,Voyage 1 Limited,voyagecare.com,https://voyagecare.com/
saysomething@voyagecare.com,Voyage 1 Limited,voyagecare.com,https://voyagecare.com/
specialism-image-autism-546x505@2x.png,Voyage 1 Limited,voyagecare.com,https://voyagecare.com/
specialism-image-brain-injury-546x505@2x.png,Voyage 1 Limited,voyagecare.com,https://voyagecare.com/
specialism-image-ld-546x505@2x.png,Voyage 1 Limited,voyagecare.com,https://voyagecare.com/
specialism-image-prader-willi-546x505@2x.png,Voyage 1 Limited,voyagecare.com,https://voyagecare.com/
specialism-image-sbss-546x505@2x.png,Voyage 1 Limited,voyagecare.com,https://voyagecare.com/
teal-headerstyle-1-e1749225296703-747x1007-1-400x311@2x.png,Voyage 1 Limited,voyagecare.com,https://voyagecare.com/
chloe.hames@nhs.net,Sandwell and West Birmingham Hospitals NHS Trust,swbh.nhs.uk,https://swbh.nhs.uk/
lizagill@nhs.net,Sandwell and West Birmingham Hospitals NHS Trust,swbh.nhs.uk,https://swbh.nhs.uk/
swbh.volunteer@nhs.net,Sandwell and West Birmingham Hospitals NHS Trust,swbh.nhs.uk,https://swbh.nhs.uk/
trustcharity@nhs.net,Sandwell and West Birmingham Hospitals NHS Trust,swbh.nhs.uk,https://swbh.nhs.uk/
accesstohealthrecords@mbht.nhs.uk,University Hospitals of Morecambe Bay NHS Foundation Trust,uhmb.nhs.uk,https://uhmb.nhs.uk/
ask.sami@mbht.nhs.uk,University Hospitals of Morecambe Bay NHS Foundation Trust,uhmb.nhs.uk,https://uhmb.nhs.uk/
communications.team@mbht.nhs.uk,University Hospitals of Morecambe Bay NHS Foundation Trust,uhmb.nhs.uk,https://uhmb.nhs.uk/
pals@mbht.nhs.uk,University Hospitals of Morecambe Bay NHS Foundation Trust,uhmb.nhs.uk,https://uhmb.nhs.uk/
rheumatology.secretaries@mbht.nhs.uk,University Hospitals of Morecambe Bay NHS Foundation Trust,uhmb.nhs.uk,https://uhmb.nhs.uk/
wloenquiries@mbht.nhs.uk,University Hospitals of Morecambe Bay NHS Foundation Trust,uhmb.nhs.uk,https://uhmb.nhs.uk/
info@paradiselodge.co.uk,Paradise Lodge Care Home Limited,paradiselodge.co.uk,https://paradiselodge.co.uk/
info@primacarehomes.co.uk,Paradise Lodge Care Home Limited,paradiselodge.co.uk,https://paradiselodge.co.uk/
info@streetscene.org.uk,Streetscene Addiction Recovery,streetscene.org.uk,https://streetscene.org.uk/
burystedmunds@availl.co.uk,Radibor Limited,availl.co.uk,https://availl.co.uk/
cambridge@availl.co.uk,Radibor Limited,availl.co.uk,https://availl.co.uk/
huntingdon@availl.co.uk,Radibor Limited,availl.co.uk,https://availl.co.uk/
norwich@availl.co.uk,Radibor Limited,availl.co.uk,https://availl.co.uk/
finalasset-1@2x.png,West House Partnership Ltd,westhousedental.com,https://westhousedental.com/
hello@westhousedental.com,West House Partnership Ltd,westhousedental.com,https://westhousedental.com/
whd-darkasset-2@2x.png,West House Partnership Ltd,westhousedental.com,https://westhousedental.com/
recruitment@allegracare.co.uk,New Forest Fritham Limited,allegracare.co.uk,https://allegracare.co.uk/
enquiries@cognacity.co.uk,Cognacity Health Limited,cognacity.co.uk,https://cognacity.co.uk/
reception@cognacity.co.uk,Cognacity Health Limited,cognacity.co.uk,https://cognacity.co.uk/
info.admin@carespecialistservices.co.uk,Care Specialist Services Limited,carespecialistservices.co.uk,https://carespecialistservices.co.uk/
mymail@mailservice.com,Care Specialist Services Limited,carespecialistservices.co.uk,https://carespecialistservices.co.uk/
care@hippo-care.com,Hippo Care Limited,hippo-care.com,https://hippo-care.com/
cranstonmonica351@gmail.com,Trafalgar Care Limited,agincare.com,https://agincare.com/
someone@mydomain.com,Florence House Medical Practice,florencehousesurgery.co.uk,https://florencehousesurgery.co.uk/
gainsborough@lwphomes.org.uk,The Leaders Of Worship And Preachers Homes,lwphomes.org.uk,https://lwphomes.org.uk/
homesadmin@lwphomes.org.uk,The Leaders Of Worship And Preachers Homes,lwphomes.org.uk,https://lwphomes.org.uk/
mineheadm@lwphomes.org.uk,The Leaders Of Worship And Preachers Homes,lwphomes.org.uk,https://lwphomes.org.uk/
westcliffm@lwphomes.org.uk,The Leaders Of Worship And Preachers Homes,lwphomes.org.uk,https://lwphomes.org.uk/
woodhall@lwphomes.org.uk,The Leaders Of Worship And Preachers Homes,lwphomes.org.uk,https://lwphomes.org.uk/
woodhallm@lwphomes.org.uk,The Leaders Of Worship And Preachers Homes,lwphomes.org.uk,https://lwphomes.org.uk/
info@dentastique.co.uk,Dr. Diyari Abdah,dentastique.co.uk,https://dentastique.co.uk/
info@thehollandparkdentist.co.uk,Dr Faro Zhand Limited,smilestyledental.co.uk,https://smilestyledental.co.uk/
admissions@sandersseniorliving.co.uk,Sanders Senior Living Limited,sandersseniorliving.co.uk,https://sandersseniorliving.co.uk/
info@sandersseniorliving.co.uk,Sanders Senior Living Limited,sandersseniorliving.co.uk,https://sandersseniorliving.co.uk/
info@potens-uk.com,Potensial Limited,potensial.co.uk,http://potensial.co.uk/
info@sunshinedental.co.uk,Sunshine Dental Limited,sunshinedental.co.uk,https://sunshinedental.co.uk/
information@includeinautism.org.uk,Include 'In' Autism community interest company,includeinautism.org.uk,https://includeinautism.org.uk/
john@company.com,Alcester Home Care Agency Ltd,alcesterhomecareagency.co.uk,https://alcesterhomecareagency.co.uk/
office@alcesterhomecareagency.co.uk,Alcester Home Care Agency Ltd,alcesterhomecareagency.co.uk,https://alcesterhomecareagency.co.uk/
